ID;Designator;Qty;im Warenkorb;Manufacturer;MfG Part #; Description / Value;Footprint;Type;Note;Anbieter und Referenz
1;R7,R16,R5,R15,R8,R6,R4;7;OK;;47 kohm, ± 1%, 125 mW, 0805 [Metrisch 2012];47 kohm, ± 1%, 125 mW, 0805 [Metrisch 2012];R_0805_2012Metric_Pad1.20x1.40mm_HandSolder;;;
2;C10,C6;2;OK;Vishay;VJ0805A470GXXCW1BC;47p  1% C0G;C_0805_2012Metric_Pad1.18x1.45mm_HandSolder;;;Mouser 77-VJ0805A470GXXCBC
3;SW3;1;OK;Panasonic;EVQ-PUJ02K;DFU;SW_EVQPUJ_4P7X3P5_PAN;;;
4;C19,C29,C26,C11,C27,C31,C24;7;OK, vorhanden;;;100n C0G;C_1206_3216Metric_Pad1.33x1.80mm_HandSolder;;;
5;J1;1;OK;Molex;5033981892;503398-1892;MOLEX_503398-1892;;;Digikey WM11190CT-ND
6;U6;1;OK;Texas Instruments;OPA2376AIDGKT;OPA2376AIDGKT;SOP65P488X118-8N;;;Mouser 595-OPA2376AIDGKT
7;C22,C5,C25;3;OK;Kyocera AVX;F921A106MPA;10u tant;CP_EIA-2012-12_Kemet-R;;;Digikey 478-11412-1-ND
8;C17,C7,C15,C20;4;OK;Murata;GCM21B5C1H223FA16L;22n  1% C0G;C_0805_2012Metric_Pad1.18x1.45mm_HandSolder;;;Mouser 81-GCM21B5C1H223FA6L
9;R21,R2,R23,R3;4;OK;;10 kohm, ± 1%, 125 mW, 0805 [Metrisch 2012];10 kohm, ± 1%, 125 mW, 0805 [Metrisch 2012];R_0805_2012Metric_Pad1.20x1.40mm_HandSolder;;;
10;C14,C16;2;OK;Kyocera;08053A2R0CAT2A;2p C0G;C_0805_2012Metric_Pad1.18x1.45mm_HandSolder;;;Mouser 77-VJ0805A470GXXCBC
11;BT1;1;OK;;;Battery holder MP000326;MP000326 battery holder;;;Farnell 3126562
12;Y1;1;OK;ECS;ECS-.327-7-1210-TR;ECS-.327-7-1210-TR;XTAL_ECS-.327-7-1210-TR;;;
13;Y2;1;OK;Murata;CSTNE16M0VH3L000R0;CSTNE16M0VH3L000R0;Resonator_SMD_Murata_CSTxExxV-3Pin_3.0x1.1mm;;;
14;TP2;1;;;;NRST;TestPoint_Pad_1.0x1.0mm;;;
15;R12,R10,R14,R11;4;OK;;22 ohm, ± 5%, 250 mW, 0805 [Metrisch 2012];22 ohm, ± 5%, 250 mW, 0805 [Metrisch 2012];R_0805_2012Metric_Pad1.20x1.40mm_HandSolder;;;
16;LED2;1;OK;Dialight;597-6001-607F;597-6001-607F RED;LED_1206_3216Metric_ReverseMount;;;Farnell 3548406
17;LED1;1;OK;Dialight;597-6001-607F;597-6301-607F;LED_1206_3216Metric_ReverseMount;;;Farnell 3548407
18;C1;1;OK;Vishay Sprague;TMCP1E105MTRF;1u low leakage tantalum;C_0805_2012Metric_Pad1.18x1.45mm_HandSolder;;;Digikey 718-2506-1-ND
19;R13;1;OK;;;470k;R_0805_2012Metric_Pad1.20x1.40mm_HandSolder;;;Digikey CR0805-FX-4703ELFCT-ND
20;R26,R27;2;OK;;;0R (optional);R_0805_2012Metric_Pad1.20x1.40mm_HandSolder;;;Digikey 541-4125-1-ND
21;J4;1;OK, vorhanden;;;Conn_01x04_Pin;PinHeader_1x04_P2.54mm_Vertical;;;
22;SW1;1;OK;C&K;PCM12SMTR;Power;SW_SPDT_PCM12;;;Digikey 401-2016-1-ND
23;U2;1;OK;onsemi;NCV8730ASN330T1G;NCV8730ASN330T1G;SOT95P275X110-5N;;;Digikey 488-NCV8730ASN330T1GCT-ND
24;R32;1;OK;;47 ohm, ± 5%, 500 mW, 0805 [Metrisch 2012];47 ohm, ± 5%, 500 mW, 0805 [Metrisch 2012];R_0805_2012Metric_Pad1.20x1.40mm_HandSolder;;;Farnell 3646422
25;R31,R24;2;OK;;15 kohm, ± 0.05%, 0805 [Metrisch 2012];15 kohm, ± 0.05%, 0805 [Metrisch 2012];R_0805_2012Metric_Pad1.20x1.40mm_HandSolder;;;Digikey P15KBSCT-ND
26;LED3;1;OK;Dialight;597-6201-607F;597-6201-607F Orange;LED_1206_3216Metric_ReverseMount;;;Farnell 4256558
27;C30,C28;2;OK;Vishay Sprague;TMCP1A225MTRF;2u2 tant;C_0805_2012Metric_Pad1.18x1.45mm_HandSolder;;;Digikey 718-2492-1-ND
28;TP1;1;;;;GND;TestPoint_Keystone_5019_Minature;;;
29;R1;1;OK;;;470K;R_0805_2012Metric_Pad1.20x1.40mm_HandSolder;;;
30;R33,R17;2;OK;;;0R;R_0805_2012Metric_Pad1.20x1.40mm_HandSolder;;;
31;C3;1;OK, vorhanden;;;100nF C0G;C_1206_3216Metric_Pad1.33x1.80mm_HandSolder;;;
32;R19,R18,R9;3;OK;;820 ohm, ± 5%, 500 mW, 0805 [Metrisch 2012];820 ohm, ± 5%, 500 mW, 0805 [Metrisch 2012];R_0805_2012Metric_Pad1.20x1.40mm_HandSolder;;;Farnell 3646456
33;U5;1;OK;Infineon;IM73A135V01XTSA1;IM73A135V01XTSA1 / DNF;Infineon_PG-LLGA-5-2;;;Digikey 448-IM73A135V01XTSA1CT-ND
34;SW2;1;OK;Littelfuse;PCM13SMTR;Mode (optional);SW_SP3T_PCM13;;;
35;C4,C18,C9;3;OK;Vishay Sprague;TMCP1E105MTRF;1u tant;CP_EIA-2012-12_Kemet-R;;;Digikey 718-2506-1-ND
36;U8;1;OK;Torex;XC8101AA01MR-G;XC8101AA01MR-G;SOT95P280X130-5N;;;Farnell 3535604
37;TP3;1;;;;GNDA;TestPoint_Keystone_5019_Minature;;;
38;U1;1;OK;onsemi;NCV8163ASN300T1G;NCV8163ASN300T1G 3.0 Volts;SOT95P275X110-5N;;;Digikey 488-NCV8163ASN300T1GCT-ND
39;U4;1;OK;STMicroelectronics;STM32U595RJT6Q;STM32U595RIT6;LQFP64-10x10mm_STM;;;Mouser 511-STM32U595RJT6Q 
40;U10,U9;2;OK;Microchip;MCP6286T-E/OT;MCP6286T-E/OT;SOT-23-5;;;Farnell 1825038
41;R22;1;OK;;;1k;R_0805_2012Metric_Pad1.20x1.40mm_HandSolder;;;Digikey 311-1.00KCRCT-ND
42;R29,R28;2;OK;;10k 0.05%;10k 0.05%;R_0805_2012Metric_Pad1.20x1.40mm_HandSolder;;;Digikey RG20N10.0KWCT-ND
43;C2;1;OK;Vishay Sprague;TMCP1E105MTRF;1u low leakage tantalum;CP_EIA-2012-12_Kemet-R;;;Digikey 718-2506-1-ND
44;J3;1;OK;Molex;47346-0001;USB_B_Micro;USB_Micro-B_Molex_47346-0001;;;Farnell 1568026
45;C21;1;OK;Murata;GCM21B5C1H223FA16L;22n  1% C0G;C_0805_2012Metric_Pad1.18x1.45mm_HandSolder;;;Mouser 81-GCM21B5C1H223FA6L
46;L2;1;OK;Murata;1286AS-H-2R2M=P2;2u2 H 1.5 A;INDC2016X120N;;;Farnell 2530046
47;BT2;1;OK;Keystone Electronics;3000;CR1220;BAT_3000;;;Digikey 36-3000-ND
48;D1;1;OK;onsemi;RB521S30T1G;1PS79SB17_115;SOD523;;;
49;R20,R25;2;OK;;2 kohm, ± 0.05%, 125 mW, 0805 [Metrisch 2012];2 kohm, ± 0.05%, 125 mW, 0805 [Metrisch 2012];R_0805_2012Metric_Pad1.20x1.40mm_HandSolder;;;Farnell 2797332
50;C8,C13;2;OK;Murata;GCM21B5C1H223FA16L;22n  1% C0G;C_0805_2012Metric_Pad1.18x1.45mm_HandSolder;;;Mouser 81-GCM21B5C1H223FA6L
51;C12;1;OK;Murata;GCM21B5C1H223FA16L;22nF C0G / DNF;C_0805_2012Metric_Pad1.18x1.45mm_HandSolder;;;Mouser 81-GCM21B5C1H223FA6L
52;U7;1;OK;Mikrochip;MCP6S91-E/MS;MCP6S91-E_MS;SOP65P488X118-8N;;;Digikey MCP6S91-E/MS-ND
53;R30;1;OK;;4R7;4R7;R_0805_2012Metric_Pad1.20x1.40mm_HandSolder;;;Digikey 13-RT0805FRE074R7LCT-ND
